Orden,Familia,GŽnero,Especie (nombre cient’fico),Especie (English common name),Especie (nombre comœn),Pericos,Triana,El 40,Zaragoza,Casco urbano Buenaventura,"Aves NO registradas en expedici—n Manacus2022, pero reportadas en eBird (0)"
Tinamiformes,Tinamidae,Nothocercus,Nothocercus bonapartei,Highland Tinamou,,,,,,,0
Tinamiformes,Tinamidae,Tinamus,Tinamus tao,Gray Tinamou,,,,,,,0
Tinamiformes,Tinamidae,Tinamus,Tinamus major,Great Tinamou,,1,1,1,1,,1
Tinamiformes,Tinamidae,Crypturellus,Crypturellus berlepschi,Berlepsch's Tinamou,,1,1,,,,1
Tinamiformes,Tinamidae,Crypturellus,Crypturellus soui,Little Tinamou,,,,,1,,1
Tinamiformes,Tinamidae,Crypturellus,Crypturellus kerriae,Choco Tinamou,,,,,,,0
Anseriformes,Anhimidae,Anhima,Anhima cornuta,Horned Screamer,,,,,,,0
Anseriformes,Anatidae,Dendrocygna,Dendrocygna autumnalis,Black-bellied Whistling-Duck,,,,,,,0
Anseriformes,Anatidae,Dendrocygna,Dendrocygna bicolor,Fulvous Whistling-Duck,,,,,,,0
Anseriformes,Anatidae,Cairina,Cairina moschata,Muscovy Duck,,,,,,,0
Anseriformes,Anatidae,Merganetta,Merganetta armata,Torrent Duck,,,,,,,0
Anseriformes,Anatidae,Spatula,Spatula discors,Blue-winged Teal,,,,,,,0
Anseriformes,Anatidae,Anas,Anas platyrhynchos,Mallard,,,,,,,0
Anseriformes,Anatidae,Anas,Anas bahamensis,White-cheeked Pintail,,,,,,,0
Anseriformes,Anatidae,Nomonyx,Nomonyx dominicus,Masked Duck,,,,,,,0
Galliformes,Cracidae,Ortalis,Ortalis columbiana,Colombian Chachalaca,,,,,,,0
Galliformes,Cracidae,Penelope,Penelope ortoni,Baudo Guan,,1,1,,,,1
Galliformes,Cracidae,Penelope,Penelope purpurascens,Crested Guan,,,,,,,0
Galliformes,Cracidae,Chamaepetes,Chamaepetes goudotii,Sickle-winged Guan,,,,,,,0
Galliformes,Cracidae,Crax,Crax rubra,Great Curassow,,,,,,,0
Galliformes,Odontophoridae,Rhynchortyx,Rhynchortyx cinctus,Tawny-faced Quail,,,,,,,0
Galliformes,Odontophoridae,Colinus,Colinus cristatus,Crested Bobwhite,,,,,,,0
Galliformes,Odontophoridae,Odontophorus,Odontophorus erythrops,Rufous-fronted Wood-Quail,,,,,,,0
Galliformes,Odontophoridae,Odontophorus,Odontophorus hyperythrus,Chestnut Wood-Quail,,,,,,,0
Galliformes,Phasianidae,Gallus,Gallus gallus,Red Junglefowl,Gallina,,,,,,0
Podicipediformes,Podicipedidae,Podilymbus,Podilymbus podiceps,Pied-billed Grebe,,,,,,,0
Columbiformes,Columbidae,Columba,Columba livia,Rock Pigeon,,1,1,,,1,1
Columbiformes,Columbidae,Patagioenas,Patagioenas cayennensis,Pale-vented Pigeon,,,,,,,0
Columbiformes,Columbidae,Patagioenas,Patagioenas speciosa,Scaled Pigeon,,1,1,,,,1
Columbiformes,Columbidae,Patagioenas,Patagioenas fasciata,Band-tailed Pigeon,,,,,,,0
Columbiformes,Columbidae,Patagioenas,Patagioenas plumbea,Plumbeous Pigeon,,,,,,,0
Columbiformes,Columbidae,Patagioenas,Patagioenas subvinacea,Ruddy Pigeon,,1,1,,,,1
Columbiformes,Columbidae,Patagioenas,Patagioenas goodsoni,Dusky Pigeon,,1,1,1,1,,1
Columbiformes,Columbidae,Columbina,Columbina minuta,Plain-breasted Ground Dove,,,,,,,0
Columbiformes,Columbidae,Columbina,Columbina talpacoti,Ruddy Ground Dove,,1,1,,,,1
Columbiformes,Columbidae,Columbina,Columbina buckleyi,Ecuadorian Ground Dove,,,,,,,0
Columbiformes,Columbidae,Columbina,Columbina cruziana,Croaking Ground Dove,,,,,,,0
Columbiformes,Columbidae,Claravis,Claravis pretiosa,Blue Ground Dove,,,,,,,0
Columbiformes,Columbidae,Geotrygon,Geotrygon purpurata,Purple Quail-Dove,,,,,,,0
Columbiformes,Columbidae,Geotrygon,Geotrygon montana,Ruddy Quail-Dove,,1,1,,,,1
Columbiformes,Columbidae,Leptotrygon,Leptotrygon veraguensis,Olive-backed Quail-Dove,,,,,,,0
Columbiformes,Columbidae,Leptotila,Leptotila verreauxi,White-tipped Dove,,,,,,,0
Columbiformes,Columbidae,Leptotila,Leptotila cassinii,Gray-chested Dove,,,,,,,0
Columbiformes,Columbidae,Leptotila,Leptotila plumbeiceps,Gray-headed Dove,,,,,,,0
Columbiformes,Columbidae,Leptotila,Leptotila pallida,Pallid Dove,,,,,1,,1
Columbiformes,Columbidae,Zentrygon,Zentrygon frenata,White-throated Quail-Dove,,,,,,,0
Columbiformes,Columbidae,Zenaida,Zenaida auriculata,Eared Dove,,,,,,,0
Cuculiformes,Cuculidae,Crotophaga,Crotophaga major,Greater Ani,,,,,,,0
Cuculiformes,Cuculidae,Crotophaga,Crotophaga ani,Smooth-billed Ani,,1,1,,,,1
Cuculiformes,Cuculidae,Tapera,Tapera naevia,Striped Cuckoo,,,,,,,0
Cuculiformes,Cuculidae,Neomorphus,Neomorphus radiolosus,Banded Ground-Cuckoo,,,,,,,0
Cuculiformes,Cuculidae,Coccycua,Coccycua minuta,Little Cuckoo,,,,,,,0
Cuculiformes,Cuculidae,Coccycua,Coccycua pumila,Dwarf Cuckoo,,,,,,,0
Cuculiformes,Cuculidae,Piaya,Piaya cayana,Squirrel Cuckoo,,,,,1,,1
Cuculiformes,Cuculidae,Coccyzus,Coccyzus melacoryphus,Dark-billed Cuckoo,,,,,,,0
Cuculiformes,Cuculidae,Coccyzus,Coccyzus americanus,Yellow-billed Cuckoo,,,,,,,0
Cuculiformes,Cuculidae,Coccyzus,Coccyzus lansbergi,Gray-capped Cuckoo,,,,,,,0
Caprimulgiformes,Caprimulgidae,Chordeiles,Chordeiles acutipennis,Lesser Nighthawk,,,,,,,0
Caprimulgiformes,Caprimulgidae,Lurocalis,Lurocalis semitorquatus,Short-tailed Nighthawk,,,,,,,0
Caprimulgiformes,Caprimulgidae,Systellura,Systellura longirostris,Band-winged Nightjar,,,,,,,0
Caprimulgiformes,Caprimulgidae,Nyctidromus,Nyctidromus albicollis,Common Pauraque,,,,,,,0
Caprimulgiformes,Caprimulgidae,Uropsalis,Uropsalis lyra,Lyre-tailed Nightjar,,,,,,,0
Caprimulgiformes,Caprimulgidae,Hydropsalis,Hydropsalis cayennensis,White-tailed Nightjar,,,,,,,0
Caprimulgiformes,Caprimulgidae,Nyctiphrynus,Nyctiphrynus rosenbergi,Choco Poorwill,,,,,,,0
Caprimulgiformes,Caprimulgidae,Antrostomus,Antrostomus carolinensis,Chuck-will's-widow,,,,,,,0
Nyctibiiformes,Nyctibiidae,Nyctibius,Nyctibius aethereus,Long-tailed Potoo,,,,,,,0
Nyctibiiformes,Nyctibiidae,Nyctibius,Nyctibius griseus,Common Potoo,,,,,,,0
Steatornithiformes,Steatornithidae,Steatornis,Steatornis caripensis,Oilbird,,,,,,,0
Apodiformes,Apodidae,Cypseloides,Cypseloides niger,Black Swift,,,,,,,0
Apodiformes,Apodidae,Cypseloides,Cypseloides cryptus,White-chinned Swift,,,,,,,0
Apodiformes,Apodidae,Streptoprocne,Streptoprocne rutila,Chestnut-collared Swift,,,,,,,0
Apodiformes,Apodidae,Streptoprocne,Streptoprocne zonaris,White-collared Swift,,1,1,,1,,1
Apodiformes,Apodidae,Chaetura,Chaetura pelagica,Chimney Swift,,,,,,,0
Apodiformes,Apodidae,Chaetura,Chaetura chapmani,Chapman's Swift,,,,,,,0
Apodiformes,Apodidae,Chaetura,Chaetura brachyura,Short-tailed Swift,,,,,,,0
Apodiformes,Apodidae,Chaetura,Chaetura cinereiventris,Gray-rumped Swift,,,,1,,,1
Apodiformes,Apodidae,Chaetura,Chaetura spinicaudus,Band-rumped Swift,,,,,,,0
Apodiformes,Apodidae,Aeronautes,Aeronautes montivagus,White-tipped Swift,,,,,,,0
Apodiformes,Apodidae,Panyptila,Panyptila cayennensis,Lesser Swallow-tailed Swift,,,,,,,0
Apodiformes,Trochilidae,Florisuga,Florisuga mellivora,White-necked Jacobin,,1,1,,,,1
Apodiformes,Trochilidae,Eutoxeres,Eutoxeres aquila,White-tipped Sicklebill,,1,1,,,,1
Apodiformes,Trochilidae,Glaucis,Glaucis aeneus,Bronzy Hermit,,,,,,,0
Apodiformes,Trochilidae,Glaucis,Glaucis hirsutus,Rufous-breasted Hermit,,,,,,,0
Apodiformes,Trochilidae,Threnetes,Threnetes ruckeri,Band-tailed Barbthroat,,,,1,,,0
Apodiformes,Trochilidae,Phaethornis,Phaethornis yaruqui,White-whiskered Hermit,,1,1,1,1,,1
Apodiformes,Trochilidae,Phaethornis,Phaethornis guy,Green Hermit,,,,,,,0
Apodiformes,Trochilidae,Phaethornis,Phaethornis syrmatophorus,Tawny-bellied Hermit,,,,,,,0
Apodiformes,Trochilidae,Phaethornis,Phaethornis anthophilus,Pale-bellied Hermit,,,,,,,0
Apodiformes,Trochilidae,Phaethornis,Phaethornis striigularis,Stripe-throated Hermit,,1,1,1,,,1
Apodiformes,Trochilidae,Doryfera,Doryfera ludovicae,Green-fronted Lancebill,,1,1,,,,1
Apodiformes,Trochilidae,Colibri,Colibri coruscans,Sparkling Violetear,,,,,,,0
Apodiformes,Trochilidae,Colibri,Colibri delphinae,Brown Violetear,,,,,,,0
Apodiformes,Trochilidae,Androdon,Androdon aequatorialis,Tooth-billed Hummingbird,,1,1,1,,,1
Apodiformes,Trochilidae,Heliothryx,Heliothryx barroti,Purple-crowned Fairy,,1,1,1,1,,1
Apodiformes,Trochilidae,Chrysolampis,Chrysolampis mosquitus,Ruby-topaz Hummingbird,,,,,,,0
Apodiformes,Trochilidae,Anthracothorax,Anthracothorax nigricollis,Black-throated Mango,,1,1,,,,1
Apodiformes,Trochilidae,Discosura,Discosura conversii,Green Thorntail,,,,,1,,1
Apodiformes,Trochilidae,Adelomyia,Adelomyia melanogenys,Speckled Hummingbird,,,,,,,0
Apodiformes,Trochilidae,Aglaiocercus,Aglaiocercus kingii,Long-tailed Sylph,,,,,,,0
Apodiformes,Trochilidae,Aglaiocercus,Aglaiocercus coelestis,Violet-tailed Sylph,,,,,,,0
Apodiformes,Trochilidae,Haplophaedia,Haplophaedia aureliae,Greenish Puffleg,,,,,,,0
Apodiformes,Trochilidae,Eriocnemis,Eriocnemis mosquera,Golden-breasted Puffleg,,,,,,,0
Apodiformes,Trochilidae,Coeligena,Coeligena coeligena,Bronzy Inca,,,,,,,0
Apodiformes,Trochilidae,Coeligena,Coeligena wilsoni,Brown Inca,,,,,,,0
Apodiformes,Trochilidae,Coeligena,Coeligena torquata,Collared Inca,,,,,,,0
Apodiformes,Trochilidae,Boissonneaua,Boissonneaua flavescens,Buff-tailed Coronet,,,,,,,0
Apodiformes,Trochilidae,Boissonneaua,Boissonneaua jardini,Velvet-purple Coronet,,,,,,,0
Apodiformes,Trochilidae,Ocreatus,Ocreatus underwoodii,Booted Racket-tail,,,,,,,0
Apodiformes,Trochilidae,Urochroa,Urochroa bougueri,Rufous-gaped Hillstar,,,,,,,0
Apodiformes,Trochilidae,Urosticte,Urosticte benjamini,Purple-bibbed Whitetip,,,,,,,0
Apodiformes,Trochilidae,Heliodoxa,Heliodoxa rubinoides,Fawn-breasted Brilliant,,,,,,,0
Apodiformes,Trochilidae,Heliodoxa,Heliodoxa jacula,Green-crowned Brilliant,,,,,,,0
Apodiformes,Trochilidae,Heliodoxa,Heliodoxa imperatrix,Empress Brilliant,,,,,,,0
Apodiformes,Trochilidae,Heliomaster,Heliomaster longirostris,Long-billed Starthroat,,,,,,,0
Apodiformes,Trochilidae,Chaetocercus,Chaetocercus mulsant,White-bellied Woodstar,,,,,,,0
Apodiformes,Trochilidae,Philodice,Philodice mitchellii,Purple-throated Woodstar,,,,,,,0
Apodiformes,Trochilidae,Chlorostilbon,Chlorostilbon melanorhynchus,Western Emerald,,,,,,,0
Apodiformes,Trochilidae,Chalybura,Chalybura urochrysia,Bronze-tailed Plumeleteer,,,,,,,0
Apodiformes,Trochilidae,Chalybura,Chalybura buffonii,White-vented Plumeleteer,,,,,,,0
Apodiformes,Trochilidae,Thalurania,Thalurania colombica,Crowned Woodnymph,,,,,,,0
Apodiformes,Trochilidae,Saucerottia,Saucerottia saucerottei,Steely-vented Hummingbird,,,,,,,0
Apodiformes,Trochilidae,Amazilia,Amazilia tzacatl,Rufous-tailed Hummingbird,,1,1,1,1,,1
Apodiformes,Trochilidae,Uranomitra,Uranomitra franciae,Andean Emerald,,,,,,,0
Apodiformes,Trochilidae,Chrysuronia,Chrysuronia humboldtii,Humboldt's Sapphire,,,,,,,0
Apodiformes,Trochilidae,Chrysuronia,Chrysuronia grayi,Blue-headed Sapphire,,,,,,,0
Apodiformes,Trochilidae,Polyerata,Polyerata rosenbergi,Blue-chested Hummingbird,,1,1,1,1,,1
Apodiformes,Trochilidae,Polyerata,Polyerata amabilis,Purple-chested Hummingbird,,,,1,,,0
Apodiformes,Trochilidae,Chlorestes,Chlorestes julie,Violet-bellied Hummingbird,,,,,,,0
Gruiformes,Rallidae,Pardirallus,Pardirallus nigricans,Blackish Rail,,,,,,,0
Gruiformes,Rallidae,Amaurolimnas,Amaurolimnas concolor,Uniform Crake,,,,,,,0
Gruiformes,Rallidae,Aramides,Aramides wolfi,Brown Wood-Rail,,,,,,,0
Gruiformes,Rallidae,Aramides,Aramides cajaneus,Gray-cowled Wood-Rail,,,,,,,0
Gruiformes,Rallidae,Porzana,Porzana carolina,Sora,,,,,,,0
Gruiformes,Rallidae,Porphyrio,Porphyrio martinica,Purple Gallinule,,,,,,,0
Gruiformes,Rallidae,Anurolimnas,Anurolimnas viridis,Russet-crowned Crake,,,,,,,0
Gruiformes,Rallidae,Laterallus,Laterallus albigularis,White-throated Crake,,,,,,,0
Gruiformes,Rallidae,Laterallus,Laterallus exilis,Gray-breasted Crake,,,,,,,0
Gruiformes,Heliornithidae,Heliornis,Heliornis fulica,Sungrebe,,,,,,,0
Gruiformes,Aramidae,Aramus,Aramus guarauna,Limpkin,,,,,,,0
Charadriiformes,Recurvirostridae,Himantopus,Himantopus mexicanus,Black-necked Stilt,,,,,,,0
Charadriiformes,Haematopodidae,Haematopus,Haematopus palliatus,American Oystercatcher,,,,,,,0
Charadriiformes,Charadriidae,Pluvialis,Pluvialis squatarola,Black-bellied Plover,,,,,,,0
Charadriiformes,Charadriidae,Pluvialis,Pluvialis dominica,American Golden-Plover,,,,,,,0
Charadriiformes,Charadriidae,Vanellus,Vanellus chilensis,Southern Lapwing,,1,1,,,,1
Charadriiformes,Charadriidae,Charadrius,Charadrius collaris,Collared Plover,,,,,,,0
Charadriiformes,Charadriidae,Charadrius,Charadrius wilsonia,Wilson's Plover,,,,,,,0
Charadriiformes,Charadriidae,Charadrius,Charadrius semipalmatus,Semipalmated Plover,,,,,,,0
Charadriiformes,Jacanidae,Jacana,Jacana jacana,Wattled Jacana,,,,,,,0
Charadriiformes,Scolopacidae,Bartramia,Bartramia longicauda,Upland Sandpiper,,,,,,,0
Charadriiformes,Scolopacidae,Numenius,Numenius phaeopus,Whimbrel,,,,,,1,1
Charadriiformes,Scolopacidae,Numenius,Numenius americanus,Long-billed Curlew,,,,,,,0
Charadriiformes,Scolopacidae,Limosa,Limosa fedoa,Marbled Godwit,,,,,,,0
Charadriiformes,Scolopacidae,Arenaria,Arenaria interpres,Ruddy Turnstone,,,,,,,0
Charadriiformes,Scolopacidae,Calidris,Calidris canutus,Red Knot,,,,,,,0
Charadriiformes,Scolopacidae,Calidris,Calidris virgata,Surfbird,,,,,,,0
Charadriiformes,Scolopacidae,Calidris,Calidris himantopus,Stilt Sandpiper,,,,,,,0
Charadriiformes,Scolopacidae,Calidris,Calidris alba,Sanderling,,,,,,,0
Charadriiformes,Scolopacidae,Calidris,Calidris bairdii,Baird's Sandpiper,,,,,,,0
Charadriiformes,Scolopacidae,Calidris,Calidris minutilla,Least Sandpiper,,,,,,,0
Charadriiformes,Scolopacidae,Calidris,Calidris fuscicollis,White-rumped Sandpiper,,,,,,,0
Charadriiformes,Scolopacidae,Calidris,Calidris subruficollis,Buff-breasted Sandpiper,,,,,,,0
Charadriiformes,Scolopacidae,Calidris,Calidris melanotos,Pectoral Sandpiper,,,,,,,0
Charadriiformes,Scolopacidae,Calidris,Calidris pusilla,Semipalmated Sandpiper,,,,,,,0
Charadriiformes,Scolopacidae,Calidris,Calidris mauri,Western Sandpiper,,,,,,,0
Charadriiformes,Scolopacidae,Limnodromus,Limnodromus griseus,Short-billed Dowitcher,,,,,,,0
Charadriiformes,Scolopacidae,Phalaropus,Phalaropus tricolor,Wilson's Phalarope,,,,,,,0
Charadriiformes,Scolopacidae,Phalaropus,Phalaropus lobatus,Red-necked Phalarope,,,,,,,0
Charadriiformes,Scolopacidae,Phalaropus,Phalaropus fulicarius,Red Phalarope,,,,,,,0
Charadriiformes,Scolopacidae,Actitis,Actitis macularius,Spotted Sandpiper,,,,,,1,1
Charadriiformes,Scolopacidae,Tringa,Tringa solitaria,Solitary Sandpiper,,,,,,,0
Charadriiformes,Scolopacidae,Tringa,Tringa incana,Wandering Tattler,,,,,,,0
Charadriiformes,Scolopacidae,Tringa,Tringa melanoleuca,Greater Yellowlegs,,,,,,,0
Charadriiformes,Scolopacidae,Tringa,Tringa semipalmata,Willet,,,,,,1,1
Charadriiformes,Scolopacidae,Tringa,Tringa flavipes,Lesser Yellowlegs,,,,,,,0
Charadriiformes,Stercorariidae,Stercorarius,Stercorarius pomarinus,Pomarine Jaeger,,,,,,,0
Charadriiformes,Stercorariidae,Stercorarius,Stercorarius parasiticus,Parasitic Jaeger,,,,,,,0
Charadriiformes,Laridae,Creagrus,Creagrus furcatus,Swallow-tailed Gull,,,,,,,0
Charadriiformes,Laridae,Xema,Xema sabini,Sabine's Gull,,,,,,,0
Charadriiformes,Laridae,Chroicocephalus,Chroicocephalus ridibundus,Black-headed Gull,,,,,,,0
Charadriiformes,Laridae,Hydrocoloeus,Hydrocoloeus minutus,Little Gull,,,,,,,0
Charadriiformes,Laridae,Leucophaeus,Leucophaeus atricilla,Laughing Gull,,,,,,1,1
Charadriiformes,Laridae,Leucophaeus,Leucophaeus pipixcan,Franklin's Gull,,,,,,,0
Charadriiformes,Laridae,Larus,Larus delawarensis,Ring-billed Gull,,,,,,,0
Charadriiformes,Laridae,Anous,Anous stolidus,Brown Noddy,,,,,,,0
Charadriiformes,Laridae,Anous,Anous minutus,Black Noddy,,,,,,,0
Charadriiformes,Laridae,Gygis,Gygis alba,White Tern,,,,,,,0
Charadriiformes,Laridae,Onychoprion,Onychoprion fuscatus,Sooty Tern,,,,,,,0
Charadriiformes,Laridae,Onychoprion,Onychoprion anaethetus,Bridled Tern,,,,,,,0
Charadriiformes,Laridae,Gelochelidon,Gelochelidon nilotica,Gull-billed Tern,,,,,,,0
Charadriiformes,Laridae,Hydroprogne,Hydroprogne caspia,Caspian Tern,,,,,,,0
Charadriiformes,Laridae,Larosterna,Larosterna inca,Inca Tern,,,,,,,0
Charadriiformes,Laridae,Chlidonias,Chlidonias niger,Black Tern,,,,,,,0
Charadriiformes,Laridae,Sterna,Sterna hirundo,Common Tern,,,,,,,0
Charadriiformes,Laridae,Thalasseus,Thalasseus maximus,Royal Tern,,,,,,,0
Charadriiformes,Laridae,Thalasseus,Thalasseus sandvicensis,Sandwich Tern,,,,,,,0
Charadriiformes,Laridae,Thalasseus,Thalasseus elegans,Elegant Tern,,,,,,,0
Charadriiformes,Rynchopidae,Rynchops,Rynchops niger,Black Skimmer,,,,,,,0
Eurypygiformes,Eurypygidae,Eurypyga,Eurypyga helias,Sunbittern,,,,,,,0
Phaethontiformes,Phaethontidae,Phaethon,Phaethon lepturus,White-tailed Tropicbird,,,,,,,0
Phaethontiformes,Phaethontidae,Phaethon,Phaethon aethereus,Red-billed Tropicbird,,,,,,,0
Phaethontiformes,Phaethontidae,Phaethon,Phaethon rubricauda,Red-tailed Tropicbird,,,,,,,0
Procellariiformes,Hydrobatidae,Hydrobates,Hydrobates leucorhous,Leach's Storm-Petrel,,,,,,,0
Procellariiformes,Hydrobatidae,Hydrobates,Hydrobates castro,Band-rumped Storm-Petrel,,,,,,,0
Procellariiformes,Hydrobatidae,Hydrobates,Hydrobates tethys,Wedge-rumped Storm-Petrel,,,,,,,0
Procellariiformes,Hydrobatidae,Hydrobates,Hydrobates melania,Black Storm-Petrel,,,,,,,0
Procellariiformes,Hydrobatidae,Hydrobates,Hydrobates markhami,Markham's Storm-Petrel,,,,,,,0
Procellariiformes,Hydrobatidae,Hydrobates,Hydrobates microsoma,Least Storm-Petrel,,,,,,,0
Procellariiformes,Procellariidae,Pterodroma,Pterodroma phaeopygia,Galapagos Petrel,,,,,,,0
Procellariiformes,Procellariidae,Procellaria,Procellaria parkinsoni,Parkinson's Petrel,,,,,,,0
Procellariiformes,Procellariidae,Procellaria,Procellaria westlandica,Westland Petrel,,,,,,,0
Procellariiformes,Procellariidae,Ardenna,Ardenna creatopus,Pink-footed Shearwater,,,,,,,0
Procellariiformes,Procellariidae,Ardenna,Ardenna pacifica,Wedge-tailed Shearwater,,,,,,,0
Procellariiformes,Procellariidae,Ardenna,Ardenna grisea,Sooty Shearwater,,,,,,,0
Procellariiformes,Procellariidae,Puffinus,Puffinus subalaris,Galapagos Shearwater,,,,,,,0
Procellariiformes,Procellariidae,Puffinus,Puffinus puffinus,Manx Shearwater,,,,,,,0
Procellariiformes,Procellariidae,Puffinus,Puffinus lherminieri,Audubon's Shearwater,,,,,,,0
Ciconiiformes,Ciconiidae,Mycteria,Mycteria americana,Wood Stork,,,,,,,0
Suliformes,Fregatidae,Fregata,Fregata magnificens,Magnificent Frigatebird,,,,,,1,1
Suliformes,Fregatidae,Fregata,Fregata minor,Great Frigatebird,,,,,,,0
Suliformes,Sulidae,Sula,Sula dactylatra,Masked Booby,,,,,,,0
Suliformes,Sulidae,Sula,Sula granti,Nazca Booby,,,,,,,0
Suliformes,Sulidae,Sula,Sula nebouxii,Blue-footed Booby,,,,,,,0
Suliformes,Sulidae,Sula,Sula variegata,Peruvian Booby,,,,,,,0
Suliformes,Sulidae,Sula,Sula leucogaster,Brown Booby,,,,,,,0
Suliformes,Sulidae,Sula,Sula sula,Red-footed Booby,,,,,,,0
Suliformes,Anhingidae,Anhinga,Anhinga anhinga,Anhinga,,,,,,1,1
Suliformes,"
Phalacrocoracidae",Nannopterum,Nannopterum brasilianum,Neotropic Cormorant,Cuervo,1,1,,1,1,1
Suliformes,"
Phalacrocoracidae",Leucocarbo,Leucocarbo bougainvillii,Guanay Cormorant,,,,,,,0
Pelecaniformes,Pelecanidae,Pelecanus,Pelecanus occidentalis,Brown Pelican,,,,,,1,1
Pelecaniformes,Ardeidae,Tigrisoma,Tigrisoma lineatum,Rufescent Tiger-Heron,,,,,,,0
Pelecaniformes,Ardeidae,Tigrisoma,Tigrisoma fasciatum,Fasciated Tiger-Heron,,1,1,,,,1
Pelecaniformes,Ardeidae,Tigrisoma,Tigrisoma mexicanum,Bare-throated Tiger-Heron,,,,,,,0
Pelecaniformes,Ardeidae,Ardea,Ardea herodias,Great Blue Heron,,,,,,,0
Pelecaniformes,Ardeidae,Ardea,Ardea cocoi,Cocoi Heron,,,,,1,1,1
Pelecaniformes,Ardeidae,Ardea,Ardea alba,Great Egret,,,,,,1,1
Pelecaniformes,Ardeidae,Egretta,Egretta thula,Snowy Egret,,,1,,1,1,1
Pelecaniformes,Ardeidae,Egretta,Egretta caerulea,Little Blue Heron,,,,,,1,1
Pelecaniformes,Ardeidae,Egretta,Egretta tricolor,Tricolored Heron,,,,,,,0
Pelecaniformes,Ardeidae,Bubulcus,Bubulcus ibis,Cattle Egret,,,1,,,,1
Pelecaniformes,Ardeidae,Butorides,Butorides virescens,Green Heron,,,,,,,0
Pelecaniformes,Ardeidae,Butorides,Butorides striata,Striated Heron,,,,,,1,1
Pelecaniformes,Ardeidae,Nycticorax,Nycticorax nycticorax,Black-crowned Night-Heron,,,,,,,0
Pelecaniformes,Ardeidae,Nyctanassa,Nyctanassa violacea,Yellow-crowned Night-Heron,,1,1,,,1,1
Pelecaniformes,Threskiornithidae,Eudocimus,Eudocimus albus,White Ibis,,,,,,,0
Pelecaniformes,Threskiornithidae,Plegadis,Plegadis falcinellus,Glossy Ibis,,,,,,,0
Pelecaniformes,Threskiornithidae,Mesembrinibis,Mesembrinibis cayennensis,Green Ibis,,,,,1,,1
Pelecaniformes,Threskiornithidae,Phimosus,Phimosus infuscatus,Bare-faced Ibis,,,,,,,0
Pelecaniformes,Threskiornithidae,Theristicus,Theristicus caudatus,Buff-necked Ibis,,,,,,,0
Pelecaniformes,Threskiornithidae,Platalea,Platalea ajaja,Roseate Spoonbill,,,,,,,0
Cathartiformes,Cathartidae,Sarcoramphus,Sarcoramphus papa,King Vulture,,,,,,,0
Cathartiformes,Cathartidae,Coragyps,Coragyps atratus,Black Vulture,,1,1,1,1,1,1
Cathartiformes,Cathartidae,Cathartes,Cathartes aura,Turkey Vulture,,1,1,1,1,1,1
Accipitriformes,Pandionidae,Pandion,Pandion haliaetus,Osprey,,,,,1,,1
Accipitriformes,Accipitridae,Elanus,Elanus leucurus,White-tailed Kite,,,,,,,0
Accipitriformes,Accipitridae,Chondrohierax,Chondrohierax uncinatus,Hook-billed Kite,,,,,,,0
Accipitriformes,Accipitridae,Leptodon,Leptodon cayanensis,Gray-headed Kite,,,,,,,0
Accipitriformes,Accipitridae,Elanoides,Elanoides forficatus,Swallow-tailed Kite,,,,1,,,0
Accipitriformes,Accipitridae,Morphnus,Morphnus guianensis,Crested Eagle,,,,,,,0
Accipitriformes,Accipitridae,Spizaetus,Spizaetus tyrannus,Black Hawk-Eagle,,,,,,,0
Accipitriformes,Accipitridae,Spizaetus,Spizaetus ornatus,Ornate Hawk-Eagle,,,,1,,,0
Accipitriformes,Accipitridae,Spizaetus,Spizaetus melanoleucus,Black-and-white Hawk-Eagle,,,,,,,0
Accipitriformes,Accipitridae,Rostrhamus,Rostrhamus sociabilis,Snail Kite,,,,,,,0
Accipitriformes,Accipitridae,Harpagus,Harpagus bidentatus,Double-toothed Kite,,,,,1,,1
Accipitriformes,Accipitridae,Ictinia,Ictinia mississippiensis,Mississippi Kite,,,,,,,0
Accipitriformes,Accipitridae,Ictinia,Ictinia plumbea,Plumbeous Kite,,,,,1,,1
Accipitriformes,Accipitridae,Microspizias,Microspizias superciliosus,Tiny Hawk,,,,,,,0
Accipitriformes,Accipitridae,Microspizias,Microspizias collaris,Semicollared Hawk,,,,,,,0
Accipitriformes,Accipitridae,Accipiter,Accipiter striatus,Sharp-shinned Hawk,,,,,,,0
Accipitriformes,Accipitridae,Accipiter,Accipiter bicolor,Bicolored Hawk,,,,,,,0
Accipitriformes,Accipitridae,Geranospiza,Geranospiza caerulescens,Crane Hawk,,,,,,,0
Accipitriformes,Accipitridae,Cryptoleucopteryx,Cryptoleucopteryx plumbea,Plumbeous Hawk,,,,,,,0
Accipitriformes,Accipitridae,Buteogallus,Buteogallus anthracinus,Common Black Hawk,,,,,,,0
Accipitriformes,Accipitridae,Buteogallus,Buteogallus urubitinga,Great Black Hawk,,,,,,,0
Accipitriformes,Accipitridae,Buteogallus,Buteogallus solitarius,Solitary Eagle,,,,,,,0
Accipitriformes,Accipitridae,Morphnarchus,Morphnarchus princeps,Barred Hawk,,,,,,,0
Accipitriformes,Accipitridae,Rupornis,Rupornis magnirostris,Roadside Hawk,,1,1,1,,,1
Accipitriformes,Accipitridae,Geranoaetus,Geranoaetus albicaudatus,White-tailed Hawk,,,,,,,0
Accipitriformes,Accipitridae,Leucopternis,Leucopternis semiplumbeus,Semiplumbeous Hawk,,,,,1,,1
Accipitriformes,Accipitridae,Buteo,Buteo nitidus,Gray-lined Hawk,,,,,,,0
Accipitriformes,Accipitridae,Buteo,Buteo platypterus,Broad-winged Hawk,,,,,,,0
Accipitriformes,Accipitridae,Buteo,Buteo brachyurus,Short-tailed Hawk,,1,1,,,,1
Accipitriformes,Accipitridae,Buteo,Buteo swainsoni,Swainson's Hawk,,,,,,,0
Strigiformes,Tytonidae,Tyto,Tyto alba,Barn Owl,,,,,,,0
Strigiformes,Strigidae,Megascops,Megascops choliba,Tropical Screech-Owl,,,,,,,0
Strigiformes,Strigidae,Megascops,Megascops centralis,Choco Screech-Owl,,,,,,,0
Strigiformes,Strigidae,Lophostrix,Lophostrix cristata,Crested Owl,,,,,,,0
Strigiformes,Strigidae,Pulsatrix,Pulsatrix perspicillata,Spectacled Owl,,,,,,,0
Strigiformes,Strigidae,Glaucidium,Glaucidium nubicola,Cloud-forest Pygmy-Owl,,,,,,,0
Strigiformes,Strigidae,Strix,Strix virgata,Mottled Owl,,,,,,,0
Strigiformes,Strigidae,Strix,Strix nigrolineata,Black-and-white Owl,,,,,,,0
Strigiformes,Strigidae,Asio,Asio clamator,Striped Owl,,,,,,,0
Trogoniformes,Trogonidae,Pharomachrus,Pharomachrus auriceps,Golden-headed Quetzal,,,,,,,0
Trogoniformes,Trogonidae,Trogon,Trogon massena,Slaty-tailed Trogon,,,,,,,0
Trogoniformes,Trogonidae,Trogon,Trogon comptus,Blue-tailed Trogon,,,,,,,0
Trogoniformes,Trogonidae,Trogon,Trogon melanurus,Black-tailed Trogon,,,,,,,0
Trogoniformes,Trogonidae,Trogon,Trogon chionurus,White-tailed Trogon,,,,,,,0
Trogoniformes,Trogonidae,Trogon,Trogon caligatus,Gartered Trogon,,,,,,,0
Trogoniformes,Trogonidae,Trogon,Trogon rufus,Black-throated Trogon,,,,,,,0
Trogoniformes,Trogonidae,Trogon,Trogon collaris,Collared Trogon,,,,,,,0
Trogoniformes,Trogonidae,Trogon,Trogon personatus,Masked Trogon,,,,,,,0
Coraciiformes,Momotidae,Momotus,Momotus subrufescens,Whooping Motmot,,,,,,,0
Coraciiformes,Momotidae,Momotus,Momotus aequatorialis,Andean Motmot,,,,,,,0
Coraciiformes,Momotidae,Baryphthengus,Baryphthengus martii,Rufous Motmot,,1,1,,1,,1
Coraciiformes,Momotidae,Electron,Electron platyrhynchum,Broad-billed Motmot,,,,,,,0
Coraciiformes,Alcedinidae,Megaceryle,Megaceryle torquata,Ringed Kingfisher,,1,1,,,,1
Coraciiformes,Alcedinidae,Chloroceryle,Chloroceryle amazona,Amazon Kingfisher,,,,,,,0
Coraciiformes,Alcedinidae,Chloroceryle,Chloroceryle aenea,American Pygmy Kingfisher,,,,,,,0
Coraciiformes,Alcedinidae,Chloroceryle,Chloroceryle americana,Green Kingfisher,,,1,,,,1
Coraciiformes,Alcedinidae,Chloroceryle,Chloroceryle inda,Green-and-rufous Kingfisher,,,,,,,0
Galbuliformes,Bucconidae,Notharchus,Notharchus hyperrhynchus,White-necked Puffbird,,,,,1,,1
Galbuliformes,Bucconidae,Notharchus,Notharchus pectoralis,Black-breasted Puffbird,,,,,1,,1
Galbuliformes,Bucconidae,Notharchus,Notharchus tectus,Pied Puffbird,,,,,,,0
Galbuliformes,Bucconidae,Bucco,Bucco noanamae,Sooty-capped Puffbird,,,,,,,0
Galbuliformes,Bucconidae,Nystalus,Nystalus radiatus,Barred Puffbird,,,,,,,0
Galbuliformes,Bucconidae,Malacoptila,Malacoptila panamensis,White-whiskered Puffbird,,1,1,1,1,,1
Galbuliformes,Bucconidae,Malacoptila,Malacoptila mystacalis,Moustached Puffbird,,,,,,,0
Galbuliformes,Bucconidae,Micromonacha,Micromonacha lanceolata,Lanceolated Monklet,,1,1,,,,1
Galbuliformes,Bucconidae,Monasa,Monasa morphoeus,White-fronted Nunbird,,1,1,1,,,1
Galbuliformes,Galbulidae,Galbula,Galbula ruficauda,Rufous-tailed Jacamar,,,,,1,,1
Galbuliformes,Galbulidae,Jacamerops,Jacamerops aureus,Great Jacamar,,,,,,,0
Piciformes,Capitonidae,Capito,Capito maculicoronatus,Spot-crowned Barbet,,1,1,1,1,,1
Piciformes,Capitonidae,Capito,Capito quinticolor,Five-colored Barbet,,,,,1,,1
Piciformes,Capitonidae,Eubucco,Eubucco bourcierii,Red-headed Barbet,,,,,,,0
Piciformes,Semnornithidae,Semnornis,Semnornis ramphastinus,Toucan Barbet,,,,,,,0
Piciformes,Ramphastidae,Aulacorhynchus,Aulacorhynchus albivitta,Southern Emerald-Toucanet,,,,,,,0
Piciformes,Ramphastidae,Aulacorhynchus,Aulacorhynchus haematopygus,Crimson-rumped Toucanet,,,,,,,0
Piciformes,Ramphastidae,Pteroglossus,Pteroglossus torquatus,Collared Aracari,,1,1,1,1,,1
Piciformes,Ramphastidae,Ramphastos,Ramphastos ambiguus,Yellow-throated Toucan,,1,1,1,1,,1
Piciformes,Ramphastidae,Ramphastos,Ramphastos brevis,Choco Toucan,,1,1,1,1,,1
Piciformes,Picidae,Picumnus,Picumnus olivaceus,Olivaceous Piculet,,,,,,,0
Piciformes,Picidae,Picumnus,Picumnus granadensis,Grayish Piculet,,,,,,,0
Piciformes,Picidae,Melanerpes,Melanerpes formicivorus,Acorn Woodpecker,,,,,,,0
Piciformes,Picidae,Melanerpes,Melanerpes pucherani,Black-cheeked Woodpecker,,1,1,1,1,,1
Piciformes,Picidae,Melanerpes,Melanerpes rubricapillus,Red-crowned Woodpecker,,1,1,,,,1
Piciformes,Picidae,Dryobates,Dryobates fumigatus,Smoky-brown Woodpecker,,,,,,,0
Piciformes,Picidae,Dryobates,Dryobates kirkii,Red-rumped Woodpecker,,,,,,,0
Piciformes,Picidae,Dryobates,Dryobates dignus,Yellow-vented Woodpecker,,,,,,,0
Piciformes,Picidae,Dryobates,Dryobates chocoensis,Choco Woodpecker,,,,,,,0
Piciformes,Picidae,Campephilus,Campephilus haematogaster,Crimson-bellied Woodpecker,,,,,,,0
Piciformes,Picidae,Campephilus,Campephilus melanoleucos,Crimson-crested Woodpecker,,,,,,,0
Piciformes,Picidae,Dryocopus,Dryocopus lineatus,Lineated Woodpecker,,,,,,,0
Piciformes,Picidae,Celeus,Celeus loricatus,Cinnamon Woodpecker,,,,1,1,,1
Piciformes,Picidae,Piculus,Piculus litae,Lita Woodpecker,,,,1,,,0
Piciformes,Picidae,Colaptes,Colaptes rubiginosus,Golden-olive Woodpecker,,,,,,,0
Piciformes,Picidae,Colaptes,Colaptes punctigula,Spot-breasted Woodpecker,,,,,,,0
Falconiformes,Falconidae,Micrastur,Micrastur ruficollis,Barred Forest-Falcon,,,,,,,0
Falconiformes,Falconidae,Micrastur,Micrastur plumbeus,Plumbeous Forest-Falcon,,,,,,,0
Falconiformes,Falconidae,Micrastur,Micrastur mirandollei,Slaty-backed Forest-Falcon,,,,,,,0
Falconiformes,Falconidae,Micrastur,Micrastur semitorquatus,Collared Forest-Falcon,,,,,,,0
Falconiformes,Falconidae,Ibycter,Ibycter americanus,Red-throated Caracara,,,,,,,0
Falconiformes,Falconidae,Caracara,Caracara plancus,Crested Caracara,,,,,,,0
Falconiformes,Falconidae,Milvago,Milvago chimachima,Yellow-headed Caracara,,1,1,,,1,1
Falconiformes,Falconidae,Herpetotheres,Herpetotheres cachinnans,Laughing Falcon,,,,,,,0
Falconiformes,Falconidae,Falco,Falco sparverius,American Kestrel,,,,,,,0
Falconiformes,Falconidae,Falco,Falco columbarius,Merlin,,,,,,,0
Falconiformes,Falconidae,Falco,Falco femoralis,Aplomado Falcon,,,,,,,0
Falconiformes,Falconidae,Falco,Falco rufigularis,Bat Falcon,,,,,,,0
Falconiformes,Falconidae,Falco,Falco peregrinus,Peregrine Falcon,,,,,,,0
Psittaciformes,Psittacidae,Touit,Touit dilectissimus,Blue-fronted Parrotlet,,,,,,,0
Psittaciformes,Psittacidae,Bolborhynchus,Bolborhynchus lineola,Barred Parakeet,,,,,,,0
Psittaciformes,Psittacidae,Brotogeris,Brotogeris jugularis,Orange-chinned Parakeet,,,,,,,0
Psittaciformes,Psittacidae,Pyrilia,Pyrilia pulchra,Rose-faced Parrot,,,,,1,,1
Psittaciformes,Psittacidae,Pyrilia,Pyrilia pyrilia,Saffron-headed Parrot,,,,,,,0
Psittaciformes,Psittacidae,Pionus,Pionus sordidus,Red-billed Parrot,,,,,,,0
Psittaciformes,Psittacidae,Pionus,Pionus tumultuosus,Speckle-faced Parrot,,,,,,,0
Psittaciformes,Psittacidae,Pionus,Pionus menstruus,Blue-headed Parrot,,1,1,1,1,,1
Psittaciformes,Psittacidae,Pionus,Pionus chalcopterus,Bronze-winged Parrot,,,,,,,0
Psittaciformes,Psittacidae,Amazona,Amazona autumnalis,Red-lored Parrot,,,,,,,0
Psittaciformes,Psittacidae,Amazona,Amazona ochrocephala,Yellow-crowned Parrot,,,,,,,0
Psittaciformes,Psittacidae,Amazona,Amazona farinosa,Mealy Parrot,,,,,,,0
Psittaciformes,Psittacidae,Amazona,Amazona amazonica,Orange-winged Parrot,,,,,,,0
Psittaciformes,Psittacidae,Amazona,Amazona mercenarius,Scaly-naped Parrot,,,,,,,0
Psittaciformes,Psittacidae,Forpus,Forpus conspicillatus,Spectacled Parrotlet,,,1,,,,1
Psittaciformes,Psittacidae,Eupsittula,Eupsittula pertinax,Brown-throated Parakeet,,,,,,,0
Psittaciformes,Psittacidae,Psittacara,Psittacara wagleri,Scarlet-fronted Parakeet,,,,1,,,0
Passeriformes,Sapayoidae,Sapayoa,Sapayoa aenigma,Sapayoa,,,,,,,0
Passeriformes,Thamnophilidae,Euchrepomis,Euchrepomis callinota,Rufous-rumped Antwren,,,,,,,0
Passeriformes,Thamnophilidae,Cymbilaimus,Cymbilaimus lineatus,Fasciated Antshrike,,,,,,,0
Passeriformes,Thamnophilidae,Taraba,Taraba major,Great Antshrike,,,,,,,0
Passeriformes,Thamnophilidae,Thamnophilus,Thamnophilus doliatus,Barred Antshrike,,,,,,,0
Passeriformes,Thamnophilidae,Thamnophilus,Thamnophilus multistriatus,Bar-crested Antshrike,,,,,,,0
Passeriformes,Thamnophilidae,Thamnophilus,Thamnophilus atrinucha,Black-crowned Antshrike,,1,1,1,1,,1
Passeriformes,Thamnophilidae,Thamnophilus,Thamnophilus unicolor,Uniform Antshrike,,,,,,,0
Passeriformes,Thamnophilidae,Thamnistes,Thamnistes anabatinus,Russet Antshrike,,,,,,,0
Passeriformes,Thamnophilidae,Dysithamnus,Dysithamnus mentalis,Plain Antvireo,,,,,,,0
Passeriformes,Thamnophilidae,Dysithamnus,Dysithamnus puncticeps,Spot-crowned Antvireo,,1,1,,,,1
Passeriformes,Thamnophilidae,Epinecrophylla,Epinecrophylla fulviventris,Checker-throated Stipplethroat,,1,1,1,1,,1
Passeriformes,Thamnophilidae,Myrmotherula,Myrmotherula ignota,Moustached Antwren,,1,1,,,,1
Passeriformes,Thamnophilidae,Myrmotherula,Myrmotherula pacifica,Pacific Antwren,,1,1,,1,,1
Passeriformes,Thamnophilidae,Myrmotherula,Myrmotherula axillaris,White-flanked Antwren,,,,1,1,,1
Passeriformes,Thamnophilidae,Myrmotherula,Myrmotherula schisticolor,Slaty Antwren,,,,,,,0
Passeriformes,Thamnophilidae,Herpsilochmus,Herpsilochmus axillaris,Yellow-breasted Antwren,,,,,,,0
Passeriformes,Thamnophilidae,Microrhopias,Microrhopias quixensis,Dot-winged Antwren,,,,,1,,1
Passeriformes,Thamnophilidae,Cercomacroides,Cercomacroides parkeri,Parker's Antbird,,,,,,,0
Passeriformes,Thamnophilidae,Cercomacroides,Cercomacroides tyrannina,Dusky Antbird,,,,,,,0
Passeriformes,Thamnophilidae,Cercomacra,Cercomacra nigricans,Jet Antbird,,,,,,,0
Passeriformes,Thamnophilidae,Gymnocichla,Gymnocichla nudiceps,Bare-crowned Antbird,,,,,,,0
Passeriformes,Thamnophilidae,Poliocrania,Poliocrania exsul,Chestnut-backed Antbird,,1,1,1,1,,1
Passeriformes,Thamnophilidae,Sipia,Sipia nigricauda,Esmeraldas Antbird,,1,1,,,,1
Passeriformes,Thamnophilidae,Sipia,Sipia berlepschi,Stub-tailed Antbird,,,,,1,,1
Passeriformes,Thamnophilidae,Hafferia,Hafferia zeledoni,Zeledon's Antbird,,1,1,,,,1
Passeriformes,Thamnophilidae,Hafferia,Hafferia immaculata,Blue-lored Antbird,,,,,,,0
Passeriformes,Thamnophilidae,Gymnopithys,Gymnopithys bicolor,Bicolored Antbird,,1,1,1,,,1
Passeriformes,Thamnophilidae,Hylophylax,Hylophylax naevioides,Spotted Antbird,,,,,1,,1
Passeriformes,Thamnophilidae,Phaenostictus,Phaenostictus mcleannani,Ocellated Antbird,,1,1,,,,1
Passeriformes,Conopophagidae,Pittasoma,Pittasoma rufopileatum,Rufous-crowned Antpitta,,,,,,,0
Passeriformes,Grallariidae,Grallaria,Grallaria haplonota,Plain-backed Antpitta,,,,,,,0
Passeriformes,Grallariidae,Hylopezus,Hylopezus perspicillatus,Streak-chested Antpitta,,,,,,,0
Passeriformes,Grallariidae,Myrmothera,Myrmothera dives,Thicket Antpitta,,,,,1,,1
Passeriformes,Grallariidae,Grallaricula,Grallaricula flavirostris,Ochre-breasted Antpitta,,,,,,,0
Passeriformes,Rhinocryptidae,Scytalopus,Scytalopus vicinior,Nari–o Tapaculo,,,,,,,0
Passeriformes,Rhinocryptidae,Scytalopus,Scytalopus chocoensis,Choco Tapaculo,,,,,,,0
Passeriformes,Rhinocryptidae,Scytalopus,Scytalopus alvarezlopezi,Tatama Tapaculo,,,,,,,0
Passeriformes,Formicariidae,Formicarius,Formicarius analis,Black-faced Antthrush,,,,,,,0
Passeriformes,Formicariidae,Formicarius,Formicarius nigricapillus,Black-headed Antthrush,,1,1,,,,1
Passeriformes,Furnariidae,Sclerurus,Sclerurus obscurior,South American Leaftosser,,,,,,,0
Passeriformes,Furnariidae,Sclerurus,Sclerurus guatemalensis,Scaly-throated Leaftosser,,,,,,,0
Passeriformes,Furnariidae,Sittasomus,Sittasomus griseicapillus,Olivaceous Woodcreeper,,,,,,,0
Passeriformes,Furnariidae,Dendrocincla,Dendrocincla tyrannina,Tyrannine Woodcreeper,,,,,,,0
Passeriformes,Furnariidae,Dendrocincla,Dendrocincla homochroa,Ruddy Woodcreeper,,,,,,,0
Passeriformes,Furnariidae,Dendrocincla,Dendrocincla fuliginosa,Plain-brown Woodcreeper,,1,1,,,,1
Passeriformes,Furnariidae,Glyphorynchus,Glyphorynchus spirurus,Wedge-billed Woodcreeper,,1,1,1,1,,1
Passeriformes,Furnariidae,Dendrocolaptes,Dendrocolaptes sanctithomae,Northern Barred-Woodcreeper,,1,1,,,,1
Passeriformes,Furnariidae,Dendrocolaptes,Dendrocolaptes picumnus,Black-banded Woodcreeper,,,,,,,0
Passeriformes,Furnariidae,Xiphocolaptes,Xiphocolaptes promeropirhynchus,Strong-billed Woodcreeper,,,,,,,0
Passeriformes,Furnariidae,Xiphorhynchus,Xiphorhynchus susurrans,Cocoa Woodcreeper,,,,,,,0
Passeriformes,Furnariidae,Xiphorhynchus,Xiphorhynchus lachrymosus,Black-striped Woodcreeper,,,,,1,,1
Passeriformes,Furnariidae,Xiphorhynchus,Xiphorhynchus erythropygius,Spotted Woodcreeper,,1,1,1,,,1
Passeriformes,Furnariidae,Xiphorhynchus,Xiphorhynchus triangularis,Olive-backed Woodcreeper,,,,,,,0
Passeriformes,Furnariidae,Dendroplex,Dendroplex picus,Straight-billed Woodcreeper,,,,,,,0
Passeriformes,Furnariidae,Campylorhamphus,Campylorhamphus pusillus,Brown-billed Scythebill,,,,,,,0
Passeriformes,Furnariidae,Lepidocolaptes,Lepidocolaptes souleyetii,Streak-headed Woodcreeper,,,,,,,0
Passeriformes,Furnariidae,Lepidocolaptes,Lepidocolaptes lacrymiger,Montane Woodcreeper,,,,,,,0
Passeriformes,Furnariidae,Xenops,Xenops minutus,Plain Xenops,,1,1,,1,,1
Passeriformes,Furnariidae,Xenops,Xenops rutilans,Streaked Xenops,,,,,,,0
Passeriformes,Furnariidae,Lochmias,Lochmias nematura,Sharp-tailed Streamcreeper,,,,,,,0
Passeriformes,Furnariidae,Anabacerthia,Anabacerthia variegaticeps,Scaly-throated Foliage-gleaner,,,,,,,0
Passeriformes,Furnariidae,Syndactyla,Syndactyla subalaris,Lineated Foliage-gleaner,,,,,,,0
Passeriformes,Furnariidae,Dendroma,Dendroma rufa,Buff-fronted Foliage-gleaner,,,,,,,0
Passeriformes,Furnariidae,Clibanornis,Clibanornis rubiginosus,Ruddy Foliage-gleaner,,,,,,,0
Passeriformes,Furnariidae,Thripadectes,Thripadectes ignobilis,Uniform Treehunter,,,,,,,0
Passeriformes,Furnariidae,Thripadectes,Thripadectes holostictus,Striped Treehunter,,,,,,,0
Passeriformes,Furnariidae,Thripadectes,Thripadectes virgaticeps,Streak-capped Treehunter,,,,,,,0
Passeriformes,Furnariidae,Automolus,Automolus ochrolaemus,Buff-throated Foliage-gleaner,,,,,,,0
Passeriformes,Furnariidae,Automolus,Automolus subulatus,Striped Woodhaunter,,,,,,,0
Passeriformes,Furnariidae,Premnoplex,Premnoplex brunnescens,Spotted Barbtail,,,,,,,0
Passeriformes,Furnariidae,Xenerpestes,Xenerpestes minlosi,Double-banded Graytail,,,,,,,0
Passeriformes,Furnariidae,Cranioleuca,Cranioleuca erythrops,Red-faced Spinetail,,,,,,,0
Passeriformes,Furnariidae,Synallaxis,Synallaxis brachyura,Slaty Spinetail,,,,,,,0
Passeriformes,Furnariidae,Synallaxis,Synallaxis albescens,Pale-breasted Spinetail,,,,,,,0
Passeriformes,Furnariidae,Synallaxis,Synallaxis azarae,Azara's Spinetail,,,,,,,0
Passeriformes,Furnariidae,Synallaxis,Synallaxis unirufa,Rufous Spinetail,,,,,,,0
Passeriformes,Pipridae,Chloropipo,Chloropipo flavicapilla,Yellow-headed Manakin,,,,,,,0
Passeriformes,Pipridae,Masius,Masius chrysopterus,Golden-winged Manakin,,,,,,,0
Passeriformes,Pipridae,Corapipo,Corapipo leucorrhoa,White-bibbed Manakin,,,,,,,0
Passeriformes,Pipridae,Cryptopipo,Cryptopipo holochlora,Green Manakin,,,,,,,0
Passeriformes,Pipridae,Lepidothrix,Lepidothrix coronata,Blue-capped Manakin,,1,1,1,1,,1
Passeriformes,Pipridae,Manacus,Manacus vitellinus,Golden-collared Manakin,,1,1,1,1,,1
Passeriformes,Pipridae,Manacus,Manacus manacus,White-bearded Manakin,,1,1,,,,1
Passeriformes,Pipridae,Machaeropterus,Machaeropterus deliciosus,Club-winged Manakin,,,,,,,0
Passeriformes,Pipridae,Machaeropterus,Machaeropterus striolatus,Striolated Manakin,,,,,,,0
Passeriformes,Pipridae,Pseudopipra,Pseudopipra pipra,White-crowned Manakin,,,,,,,0
Passeriformes,Pipridae,Ceratopipra,Ceratopipra mentalis,Red-capped Manakin,,,,,,,0
Passeriformes,Pipridae,Ceratopipra,Ceratopipra erythrocephala,Golden-headed Manakin,,,,,,,0
Passeriformes,Cotingidae,Pipreola,Pipreola riefferii,Green-and-black Fruiteater,,,,,,,0
Passeriformes,Cotingidae,Pipreola,Pipreola aureopectus,Golden-breasted Fruiteater,,,,,,,0
Passeriformes,Cotingidae,Pipreola,Pipreola jucunda,Orange-breasted Fruiteater,,,,,,,0
Passeriformes,Cotingidae,Ampelioides,Ampelioides tschudii,Scaled Fruiteater,,,,,,,0
Passeriformes,Cotingidae,Rupicola,Rupicola peruvianus,Andean Cock-of-the-rock,,,,,,,0
Passeriformes,Cotingidae,Snowornis,Snowornis cryptolophus,Olivaceous Piha,,,,,,,0
Passeriformes,Cotingidae,Querula,Querula purpurata,Purple-throated Fruitcrow,,1,1,1,1,,1
Passeriformes,Cotingidae,Pyroderus,Pyroderus scutatus,Red-ruffed Fruitcrow,,,,,,,0
Passeriformes,Cotingidae,Cephalopterus,Cephalopterus penduliger,Long-wattled Umbrellabird,,,,,,,0
Passeriformes,Cotingidae,Cotinga,Cotinga nattererii,Blue Cotinga,,,,,,,0
Passeriformes,Cotingidae,Lipaugus,Lipaugus unirufus,Rufous Piha,,,,1,,,0
Passeriformes,Cotingidae,Lipaugus,Lipaugus fuscocinereus,Dusky Piha,,,,,,,0
Passeriformes,Cotingidae,Carpodectes,Carpodectes hopkei,Black-tipped Cotinga,,1,1,,,,1
Passeriformes,Tityridae,Tityra,Tityra inquisitor,Black-crowned Tityra,,,,,1,,1
Passeriformes,Tityridae,Tityra,Tityra semifasciata,Masked Tityra,,1,1,,,,1
Passeriformes,Tityridae,Schiffornis,Schiffornis veraepacis,Northern Schiffornis,,,,,,,0
Passeriformes,Tityridae,Schiffornis,Schiffornis stenorhyncha,Russet-winged Schiffornis,,,,,,,0
Passeriformes,Tityridae,Laniocera,Laniocera rufescens,Speckled Mourner,,,,,,,0
Passeriformes,Tityridae,Pachyramphus,Pachyramphus versicolor,Barred Becard,,,,,,,0
Passeriformes,Tityridae,Pachyramphus,Pachyramphus rufus,Cinereous Becard,,,,,,,0
Passeriformes,Tityridae,Pachyramphus,Pachyramphus cinnamomeus,Cinnamon Becard,,1,1,1,1,,1
Passeriformes,Tityridae,Pachyramphus,Pachyramphus polychopterus,White-winged Becard,,,,,,,0
Passeriformes,Tityridae,Pachyramphus,Pachyramphus albogriseus,Black-and-white Becard,,,,,,,0
Passeriformes,Tityridae,Pachyramphus,Pachyramphus homochrous,One-colored Becard,,,,,,,0
Passeriformes,Onychorhynchidae,Terenotriccus,Terenotriccus erythrurus,Ruddy-tailed Flycatcher,,1,1,,1,,1
Passeriformes,Onychorhynchidae,Myiobius,Myiobius villosus,Tawny-breasted Flycatcher,,,,,,,0
Passeriformes,Oxyruncidae,Myiobius,Myiobius sulphureipygius,Sulphur-rumped Flycatcher,,,,1,,,0
Passeriformes,Onychorhynchidae,Myiobius,Myiobius barbatus,Sulphur-rumped Flycatcher,,,,,,,0
Passeriformes,Onychorhynchidae,Myiobius,Myiobius atricaudus,Black-tailed Flycatcher,,,,,,,0
Passeriformes,Tyrannidae,Platyrinchus,Platyrinchus mystaceus,White-throated Spadebill,,,,,,,0
Passeriformes,Tyrannidae,Platyrinchus,Platyrinchus coronatus,Golden-crowned Spadebill,,,,,,,0
Passeriformes,Tyrannidae,Mionectes,Mionectes striaticollis,Streak-necked Flycatcher,,,,,,,0
Passeriformes,Tyrannidae,Mionectes,Mionectes olivaceus,Olive-striped Flycatcher,,1,1,,1,,1
Passeriformes,Tyrannidae,Mionectes,Mionectes oleagineus,Ochre-bellied Flycatcher,,,,,,,0
Passeriformes,Tyrannidae,Leptopogon,Leptopogon amaurocephalus,Sepia-capped Flycatcher,,,,,,,0
Passeriformes,Tyrannidae,Leptopogon,Leptopogon superciliaris,Slaty-capped Flycatcher,,,,1,,,0
Passeriformes,Tyrannidae,Phylloscartes,Phylloscartes poecilotis,Variegated Bristle-Tyrant,,,,,,,0
Passeriformes,Tyrannidae,Phylloscartes,Phylloscartes ophthalmicus,Marble-faced Bristle-Tyrant,,,,,,,0
Passeriformes,Tyrannidae,Pseudotriccus,Pseudotriccus pelzelni,Bronze-olive Pygmy-Tyrant,,,,,,,0
Passeriformes,Tyrannidae,Myiornis,Myiornis atricapillus,Black-capped Pygmy-Tyrant,,1,1,1,1,,1
Passeriformes,Tyrannidae,Lophotriccus,Lophotriccus pileatus,Scale-crested Pygmy-Tyrant,,,,,,,0
Passeriformes,Tyrannidae,Oncostoma,Oncostoma olivaceum,Southern Bentbill,,,,,,,0
Passeriformes,Tyrannidae,Poecilotriccus,Poecilotriccus sylvia,Slate-headed Tody-Flycatcher,,,,,,,0
Passeriformes,Tyrannidae,Todirostrum,Todirostrum cinereum,Common Tody-Flycatcher,,1,1,,,,1
Passeriformes,Tyrannidae,Todirostrum,Todirostrum nigriceps,Black-headed Tody-Flycatcher,,,,,1,,1
Passeriformes,Tyrannidae,Cnipodectes,Cnipodectes subbrunneus,Brownish Twistwing,,,,,,,0
Passeriformes,Tyrannidae,Rhynchocyclus,Rhynchocyclus brevirostris,Eye-ringed Flatbill,,,,,,,0
Passeriformes,Tyrannidae,Rhynchocyclus,Rhynchocyclus olivaceus,Olivaceous Flatbill,,,,,,,0
Passeriformes,Tyrannidae,Rhynchocyclus,Rhynchocyclus pacificus,Pacific Flatbill,,1,1,,1,,1
Passeriformes,Tyrannidae,Rhynchocyclus,Rhynchocyclus fulvipectus,Fulvous-breasted Flatbill,,,,,,,0
Passeriformes,Tyrannidae,Tolmomyias,Tolmomyias sulphurescens,Yellow-olive Flycatcher,,,,1,,,0
Passeriformes,Tyrannidae,Tolmomyias,Tolmomyias assimilis,Yellow-margined Flycatcher,,,,1,1,,1
Passeriformes,Tyrannidae,Tolmomyias,Tolmomyias flaviventris,Yellow-breasted Flycatcher,,,,,,,0
Passeriformes,Tyrannidae,Pyrrhomyias,Pyrrhomyias cinnamomeus,Cinnamon Flycatcher,,,,,,,0
Passeriformes,Tyrannidae,Myiotriccus,Myiotriccus ornatus,Ornate Flycatcher,,,,,,,0
Passeriformes,Tyrannidae,Nephelomyias,Nephelomyias pulcher,Handsome Flycatcher,,,,,,,0
Passeriformes,Tyrannidae,Ornithion,Ornithion brunneicapillus,Brown-capped Tyrannulet,,,,,1,,1
Passeriformes,Tyrannidae,Camptostoma,Camptostoma obsoletum,Southern Beardless-Tyrannulet,,,,1,,,0
Passeriformes,Tyrannidae,Mecocerculus,Mecocerculus leucophrys,White-throated Tyrannulet,,,,,,,0
Passeriformes,Tyrannidae,Mecocerculus,Mecocerculus minor,Sulphur-bellied Tyrannulet,,,,,,,0
Passeriformes,Tyrannidae,Phaeomyias,Phaeomyias murina,Mouse-colored Tyrannulet,,,,,,,0
Passeriformes,Tyrannidae,Tyrannulus,Tyrannulus elatus,Yellow-crowned Tyrannulet,,1,1,,1,,1
Passeriformes,Tyrannidae,Myiopagis,Myiopagis gaimardii,Forest Elaenia,,,,,,,0
Passeriformes,Tyrannidae,Myiopagis,Myiopagis caniceps,Gray Elaenia,,,,,,,0
Passeriformes,Tyrannidae,Myiopagis,Myiopagis viridicata,Greenish Elaenia,,,,,,,0
Passeriformes,Tyrannidae,Elaenia,Elaenia flavogaster,Yellow-bellied Elaenia,,1,1,,,,1
Passeriformes,Tyrannidae,Elaenia,Elaenia frantzii,Mountain Elaenia,,,,,,,0
Passeriformes,Tyrannidae,Serpophaga,Serpophaga cinerea,Torrent Tyrannulet,,,,,,,0
Passeriformes,Tyrannidae,Phyllomyias,Phyllomyias griseiceps,Sooty-headed Tyrannulet,,,,,,,0
Passeriformes,Tyrannidae,Phyllomyias,Phyllomyias nigrocapillus,Black-capped Tyrannulet,,,,,,,0
Passeriformes,Tyrannidae,Zimmerius,Zimmerius albigularis,Choco Tyrannulet,,,,,,,0
Passeriformes,Tyrannidae,Zimmerius,Zimmerius chrysops,Golden-faced Tyrannulet,,,,,,,0
Passeriformes,Tyrannidae,Myiophobus,Myiophobus phoenicomitra,Orange-crested Flycatcher,,,,,,,0
Passeriformes,Tyrannidae,Myiophobus,Myiophobus fasciatus,Bran-colored Flycatcher,,,,,,,0
Passeriformes,Tyrannidae,Mitrephanes,Mitrephanes phaeocercus,Tufted Flycatcher,,,,,,,0
Passeriformes,Tyrannidae,Contopus,Contopus cooperi,Olive-sided Flycatcher,,,,,,,0
Passeriformes,Tyrannidae,Contopus,Contopus fumigatus,Smoke-colored Pewee,,,,,,,0
Passeriformes,Tyrannidae,Contopus,Contopus sordidulus,Western Wood-Pewee,,,,,,,0
Passeriformes,Tyrannidae,Contopus,Contopus virens,Eastern Wood-Pewee,,,,,,,0
Passeriformes,Tyrannidae,Contopus,Contopus cinereus,Tropical Pewee,,,,,,,0
Passeriformes,Tyrannidae,Empidonax,Empidonax virescens,Acadian Flycatcher,,,,,,,0
Passeriformes,Tyrannidae,Empidonax,Empidonax alnorum,Alder Flycatcher,,,,,,,0
Passeriformes,Tyrannidae,Empidonax,Empidonax traillii,Willow Flycatcher,,,,,,,0
Passeriformes,Tyrannidae,Sayornis,Sayornis nigricans,Black Phoebe,,1,1,,,,1
Passeriformes,Tyrannidae,Pyrocephalus,Pyrocephalus rubinus,Vermilion Flycatcher,,,,,,,0
Passeriformes,Tyrannidae,Ochthoeca,Ochthoeca cinnamomeiventris,Slaty-backed Chat-Tyrant,,,,,,,0
Passeriformes,Tyrannidae,Colonia,Colonia colonus,Long-tailed Tyrant,,1,1,,1,,1
Passeriformes,Tyrannidae,Attila,Attila spadiceus,Bright-rumped Attila,,,,1,,,0
Passeriformes,Tyrannidae,Sirystes,Sirystes albogriseus,Choco Sirystes,,,,,,,0
Passeriformes,Tyrannidae,Rhytipterna,Rhytipterna holerythra,Rufous Mourner,,,,1,,,0
Passeriformes,Tyrannidae,Myiarchus,Myiarchus tuberculifer,Dusky-capped Flycatcher,,,,,,,0
Passeriformes,Tyrannidae,Myiarchus,Myiarchus panamensis,Panama Flycatcher,,,,,,,0
Passeriformes,Tyrannidae,Myiarchus,Myiarchus apicalis,Apical Flycatcher,,1,1,1,,,1
Passeriformes,Tyrannidae,Myiarchus,Myiarchus crinitus,Great Crested Flycatcher,,,,,,,0
Passeriformes,Tyrannidae,Machetornis,Machetornis rixosa,Cattle Tyrant,,1,,,,,1
Passeriformes,Tyrannidae,Pitangus,Pitangus lictor,Lesser Kiskadee,,,,,,,0
Passeriformes,Tyrannidae,Pitangus,Pitangus sulphuratus,Great Kiskadee,,,,1,,,0
Passeriformes,Tyrannidae,Megarynchus,Megarynchus pitangua,Boat-billed Flycatcher,,,,,,,0
Passeriformes,Tyrannidae,Myiozetetes,Myiozetetes cayanensis,Rusty-margined Flycatcher,,1,1,1,1,,1
Passeriformes,Tyrannidae,Myiozetetes,Myiozetetes similis,Social Flycatcher,,,,,,,0
Passeriformes,Tyrannidae,Myiozetetes,Myiozetetes granadensis,Gray-capped Flycatcher,,,,,,,0
Passeriformes,Tyrannidae,Conopias,Conopias albovittatus,White-ringed Flycatcher,,,,,1,,1
Passeriformes,Tyrannidae,Conopias,Conopias cinchoneti,Lemon-browed Flycatcher,,,,,,,0
Passeriformes,Tyrannidae,Myiodynastes,Myiodynastes chrysocephalus,Golden-crowned Flycatcher,,,,,,,0
Passeriformes,Tyrannidae,Myiodynastes,Myiodynastes maculatus,Streaked Flycatcher,,,,,,,0
Passeriformes,Tyrannidae,Myiodynastes,Myiodynastes luteiventris,Sulphur-bellied Flycatcher,,,,,,,0
Passeriformes,Tyrannidae,Legatus,Legatus leucophaius,Piratic Flycatcher,,,,,,,0
Passeriformes,Tyrannidae,Tyrannus,Tyrannus melancholicus,Tropical Kingbird,,1,1,1,1,1,1
Passeriformes,Tyrannidae,Tyrannus,Tyrannus tyrannus,Eastern Kingbird,,,,,,,0
Passeriformes,Tyrannidae,Tyrannus,Tyrannus dominicensis,Gray Kingbird,,,,,,,0
Passeriformes,Tyrannidae,Tyrannus,Tyrannus savana,Fork-tailed Flycatcher,,,,,,,0
Passeriformes,Vireonidae,Cyclarhis,Cyclarhis gujanensis,Rufous-browed Peppershrike,,,,,,,0
Passeriformes,Vireonidae,Cyclarhis,Cyclarhis nigrirostris,Black-billed Peppershrike,,,,,,,0
Passeriformes,Vireonidae,Vireolanius,Vireolanius eximius,Yellow-browed Shrike-Vireo,,,,,,,0
Passeriformes,Vireonidae,Vireolanius,Vireolanius leucotis,Slaty-capped Shrike-Vireo,,,,,,,0
Passeriformes,Vireonidae,Tunchiornis,Tunchiornis ochraceiceps,Tawny-crowned Greenlet,,,,,,,0
Passeriformes,Vireonidae,Pachysylvia,Pachysylvia decurtata,Lesser Greenlet,,1,1,1,,,1
Passeriformes,Vireonidae,Pachysylvia,Pachysylvia semibrunnea,Rufous-naped Greenlet,,,,,,,0
Passeriformes,Vireonidae,Vireo,Vireo flavifrons,Yellow-throated Vireo,,,,,,,0
Passeriformes,Vireonidae,Vireo,Vireo leucophrys,Brown-capped Vireo,,,,,,,0
Passeriformes,Vireonidae,Vireo,Vireo olivaceus,Red-eyed Vireo,,,,,,,0
Passeriformes,Vireonidae,Vireo,Vireo chivi,Chivi Vireo,,,,,,,0
Passeriformes,Vireonidae,Vireo,Vireo flavoviridis,Yellow-green Vireo,,,,,,,0
Passeriformes,Corvidae,Cyanolyca,Cyanolyca pulchra,Beautiful Jay,,,,,,,0
Passeriformes,Corvidae,Cyanocorax,Cyanocorax affinis,Black-chested Jay,,,,1,1,,1
Passeriformes,Corvidae,Cyanocorax,Cyanocorax yncas,Green Jay,,,,,,,0
Passeriformes,Hirundinidae,Pygochelidon,Pygochelidon cyanoleuca,Blue-and-white Swallow,,1,,1,1,,1
Passeriformes,Hirundinidae,Orochelidon,Orochelidon flavipes,Pale-footed Swallow,,,,,,,0
Passeriformes,Hirundinidae,Orochelidon,Orochelidon murina,Brown-bellied Swallow,,,,,,,0
Passeriformes,Hirundinidae,Atticora,Atticora tibialis,White-thighed Swallow,,,,,,,0
Passeriformes,Hirundinidae,Stelgidopteryx,Stelgidopteryx ruficollis,Southern Rough-winged Swallow,,1,1,,,,1
Passeriformes,Hirundinidae,Progne,Progne subis,Purple Martin,,,,,,,0
Passeriformes,Hirundinidae,Progne,Progne chalybea,Gray-breasted Martin,,1,1,1,1,,1
Passeriformes,Hirundinidae,Progne,Progne tapera,Brown-chested Martin,,,,,,,0
Passeriformes,Hirundinidae,Tachycineta,Tachycineta albiventer,White-winged Swallow,,,,,,,0
Passeriformes,Hirundinidae,Riparia,Riparia riparia,Bank Swallow,,,,,,,0
Passeriformes,Hirundinidae,Hirundo,Hirundo rustica,Barn Swallow,,,,,,,0
Passeriformes,Hirundinidae,Petrochelidon,Petrochelidon pyrrhonota,Cliff Swallow,,,,,,,0
Passeriformes,Polioptilidae,Microbates,Microbates cinereiventris,Half-collared Gnatwren,,1,1,1,1,,1
Passeriformes,Polioptilidae,Ramphocaenus,Ramphocaenus melanurus,Trilling Gnatwren,,,,,,,0
Passeriformes,Polioptilidae,Polioptila,Polioptila schistaceigula,Slate-throated Gnatcatcher,,,,,1,,1
Passeriformes,Polioptilidae,Polioptila,Polioptila plumbea,Tropical Gnatcatcher,,,,,,,0
Passeriformes,Polioptilidae,Polioptila,Polioptila bilineata,White-browed Gnatcatcher,,,,,,,0
Passeriformes,Troglodytidae,Microcerculus,Microcerculus marginatus,Scaly-breasted Wren,,1,1,1,1,,1
Passeriformes,Troglodytidae,Troglodytes,Troglodytes aedon,House Wren,,1,1,1,1,1,1
Passeriformes,Troglodytidae,Campylorhynchus,Campylorhynchus albobrunneus,White-headed Wren,,,,,,,0
Passeriformes,Troglodytidae,Campylorhynchus,Campylorhynchus griseus,Bicolored Wren,,,,,,,0
Passeriformes,Troglodytidae,Pheugopedius,Pheugopedius spadix,Sooty-headed Wren,,,,,,,0
Passeriformes,Troglodytidae,Pheugopedius,Pheugopedius fasciatoventris,Black-bellied Wren,,,,,,,0
Passeriformes,Troglodytidae,Pheugopedius,Pheugopedius mystacalis,Whiskered Wren,,,,,,,0
Passeriformes,Troglodytidae,Cantorchilus,Cantorchilus leucopogon,Stripe-throated Wren,,,,,,,0
Passeriformes,Troglodytidae,Cantorchilus,Cantorchilus nigricapillus,Bay Wren,,1,,,1,,1
Passeriformes,Troglodytidae,Henicorhina,Henicorhina leucosticta,White-breasted Wood-Wren,,1,1,1,1,,1
Passeriformes,Troglodytidae,Henicorhina,Henicorhina leucophrys,Gray-breasted Wood-Wren,,,,,,,0
Passeriformes,Troglodytidae,Cyphorhinus,Cyphorhinus thoracicus,Chestnut-breasted Wren,,,,,,,0
Passeriformes,Troglodytidae,Cyphorhinus,Cyphorhinus phaeocephalus,Song Wren,,,,,,,0
Passeriformes,Cinclidae,Cinclus,Cinclus leucocephalus,White-capped Dipper,,,,,,,0
Passeriformes,Mimidae,Mimus,Mimus gilvus,Tropical Mockingbird,,,,,,,0
Passeriformes,Turdidae,Myadestes,Myadestes ralloides,Andean Solitaire,,,,,,,0
Passeriformes,Turdidae,Catharus,Catharus aurantiirostris,Orange-billed Nightingale-Thrush,,,,,,,0
Passeriformes,Turdidae,Catharus,Catharus ustulatus,Swainson's Thrush,,,,,,,0
Passeriformes,Turdidae,Entomodestes,Entomodestes coracinus,Black Solitaire,,,,,,,0
Passeriformes,Turdidae,Cichlopsis,Cichlopsis leucogenys,Rufous-brown Solitaire,,,,,,,0
Passeriformes,Turdidae,Turdus,Turdus obsoletus,Pale-vented Thrush,,1,1,,,,1
Passeriformes,Turdidae,Turdus,Turdus assimilis,White-throated Thrush,,,,1,,,0
Passeriformes,Turdidae,Turdus,Turdus grayi,Clay-colored Thrush,,,,,,,0
Passeriformes,Turdidae,Turdus,Turdus leucops,Pale-eyed Thrush,,,,,,,0
Passeriformes,Turdidae,Turdus,Turdus ignobilis,Black-billed Thrush,,1,,1,,,1
Passeriformes,Turdidae,Turdus,Turdus fuscater,Great Thrush,,,,,,,0
Passeriformes,Turdidae,Turdus,Turdus serranus,Glossy-black Thrush,,,,,,,0
Passeriformes,Estrildidae,Lonchura,Lonchura malacca,Tricolored Munia,,,,,,,0
Passeriformes,Passeridae,Passer,Passer domesticus,House Sparrow,,,,,,,0
Passeriformes,Fringillidae,Chlorophonia,Chlorophonia cyanea,Blue-naped Chlorophonia,,,,,,,0
Passeriformes,Fringillidae,Chlorophonia,Chlorophonia flavirostris,Yellow-collared Chlorophonia,,,,,,,0
Passeriformes,Fringillidae,Euphonia,Euphonia saturata,Orange-crowned Euphonia,,,,,,,0
Passeriformes,Fringillidae,Euphonia,Euphonia minuta,White-vented Euphonia,,,,,,,0
Passeriformes,Fringillidae,Euphonia,Euphonia laniirostris,Thick-billed Euphonia,,1,,,1,,1
Passeriformes,Fringillidae,Euphonia,Euphonia fulvicrissa,Fulvous-vented Euphonia,,1,,1,1,,1
Passeriformes,Fringillidae,Euphonia,Euphonia xanthogaster,Orange-bellied Euphonia,,1,1,1,1,,1
Passeriformes,Fringillidae,Spinus,Spinus psaltria,Lesser Goldfinch,,,,,,,0
Passeriformes,Fringillidae,Spinus,Spinus spinescens,Andean Siskin,,,,,,,0
Passeriformes,Fringillidae,Spinus,Spinus xanthogastrus,Yellow-bellied Siskin,,,,,,,0
Passeriformes,Passerellidae,Chlorospingus,Chlorospingus flavigularis,Yellow-throated Chlorospingus,,,,,,,0
Passeriformes,Passerellidae,Chlorospingus,Chlorospingus canigularis,Ashy-throated Chlorospingus,,,,,,,0
Passeriformes,Passerellidae,Chlorospingus,Chlorospingus flavopectus,Common Chlorospingus,,,,,,,0
Passeriformes,Passerellidae,Chlorospingus,Chlorospingus semifuscus,Dusky Chlorospingus,,,,,,,0
Passeriformes,Passerellidae,Arremon,Arremon atricapillus,Black-headed Brushfinch,,,,,,,0
Passeriformes,Passerellidae,Arremon,Arremon assimilis,Gray-browed Brushfinch,,,,,,,0
Passeriformes,Passerellidae,Arremon,Arremon aurantiirostris,Orange-billed Sparrow,,1,1,1,1,,1
Passeriformes,Passerellidae,Arremon,Arremon brunneinucha,Chestnut-capped Brushfinch,,,,,,,0
Passeriformes,Passerellidae,Arremon,Arremon castaneiceps,Olive Finch,,,,,,,0
Passeriformes,Passerellidae,Zonotrichia,Zonotrichia capensis,Rufous-collared Sparrow,,,,,,,0
Passeriformes,Passerellidae,Atlapetes,Atlapetes albinucha,White-naped Brushfinch,,,,,,,0
Passeriformes,Passerellidae,Atlapetes,Atlapetes tricolor,Tricolored Brushfinch,,,,,,,0
Passeriformes,Passerellidae,Atlapetes,Atlapetes latinuchus,Yellow-breasted Brushfinch,,,,,,,0
Passeriformes,Icteridae,Dolichonyx,Dolichonyx oryzivorus,Bobolink,,,,,,,0
Passeriformes,Icteridae,Leistes,Leistes militaris,Red-breasted Meadowlark,,,,,,,0
Passeriformes,Icteridae,Amblycercus,Amblycercus holosericeus,Yellow-billed Cacique,,,,,,,0
Passeriformes,Icteridae,Psarocolius,Psarocolius angustifrons,Russet-backed Oropendola,,,,,,,0
Passeriformes,Icteridae,Psarocolius,Psarocolius viridis,Green Oropendola,,,,,,,0
Passeriformes,Icteridae,Psarocolius,Psarocolius decumanus,Crested Oropendola,,,,,,,0
Passeriformes,Icteridae,Psarocolius,Psarocolius wagleri,Chestnut-headed Oropendola,,1,1,,1,,1
Passeriformes,Icteridae,Cacicus,Cacicus uropygialis,Scarlet-rumped Cacique,,1,1,1,1,,1
Passeriformes,Icteridae,Cacicus,Cacicus cela,Yellow-rumped Cacique,,,,,,,0
Passeriformes,Icteridae,Cacicus,Cacicus haemorrhous,Red-rumped Cacique,,,,,,,0
Passeriformes,Icteridae,Icterus,Icterus spurius,Orchard Oriole,,,,,,,0
Passeriformes,Icteridae,Icterus,Icterus chrysater,Yellow-backed Oriole,,,,,,,0
Passeriformes,Icteridae,Icterus,Icterus auricapillus,Orange-crowned Oriole,,,,,,,0
Passeriformes,Icteridae,Icterus,Icterus mesomelas,Yellow-tailed Oriole,,,,,,,0
Passeriformes,Icteridae,Icterus,Icterus galbula,Baltimore Oriole,,,,,,,0
Passeriformes,Icteridae,Molothrus,Molothrus bonariensis,Shiny Cowbird,,1,1,1,,,1
Passeriformes,Icteridae,Molothrus,Molothrus oryzivorus,Giant Cowbird,,,,,,,0
Passeriformes,Icteridae,Quiscalus,Quiscalus mexicanus,Great-tailed Grackle,,,,,,1,1
Passeriformes,Icteridae,Quiscalus,Quiscalus lugubris,Carib Grackle,,,,,,,0
Passeriformes,Parulidae,Parkesia,Parkesia motacilla,Louisiana Waterthrush,,,,,,,0
Passeriformes,Parulidae,Parkesia,Parkesia noveboracensis,Northern Waterthrush,,,,,,,0
Passeriformes,Parulidae,Vermivora,Vermivora chrysoptera,Golden-winged Warbler,,,,,,,0
Passeriformes,Parulidae,Mniotilta,Mniotilta varia,Black-and-white Warbler,,,,,,,0
Passeriformes,Parulidae,Protonotaria,Protonotaria citrea,Prothonotary Warbler,,,,,,,0
Passeriformes,Parulidae,Leiothlypis,Leiothlypis peregrina,Tennessee Warbler,,,,,,,0
Passeriformes,Parulidae,Geothlypis,Geothlypis philadelphia,Mourning Warbler,,,,,,,0
Passeriformes,Parulidae,Geothlypis,Geothlypis semiflava,Olive-crowned Yellowthroat,,,,,,,0
Passeriformes,Parulidae,Setophaga,Setophaga ruticilla,American Redstart,,,,,,,0
Passeriformes,Parulidae,Setophaga,Setophaga cerulea,Cerulean Warbler,,,,,,,0
Passeriformes,Parulidae,Setophaga,Setophaga pitiayumi,Tropical Parula,,,,,,,0
Passeriformes,Parulidae,Setophaga,Setophaga castanea,Bay-breasted Warbler,,,,,,,0
Passeriformes,Parulidae,Setophaga,Setophaga fusca,Blackburnian Warbler,,,,,,,0
Passeriformes,Parulidae,Setophaga,Setophaga petechia,Yellow Warbler,,,,,,,0
Passeriformes,Parulidae,Setophaga,Setophaga pensylvanica,Chestnut-sided Warbler,,,,,,,0
Passeriformes,Parulidae,Setophaga,Setophaga striata,Blackpoll Warbler,,,,,,,0
Passeriformes,Parulidae,Setophaga,Setophaga virens,Black-throated Green Warbler,,,,,,,0
Passeriformes,Parulidae,Basileuterus,Basileuterus culicivorus,Golden-crowned Warbler,,,,,,,0
Passeriformes,Parulidae,Basileuterus,Basileuterus tristriatus,Three-striped Warbler,,,,,,,0
Passeriformes,Parulidae,Myiothlypis,Myiothlypis luteoviridis,Citrine Warbler,,,,,,,0
Passeriformes,Parulidae,Myiothlypis,Myiothlypis fulvicauda,Buff-rumped Warbler,,1,1,1,,,1
Passeriformes,Parulidae,Myiothlypis,Myiothlypis chrysogaster,Golden-bellied Warbler,,1,1,,,,1
Passeriformes,Parulidae,Cardellina,Cardellina canadensis,Canada Warbler,,,,,,,0
Passeriformes,Parulidae,Myioborus,Myioborus miniatus,Slate-throated Redstart,,,,,,,0
Passeriformes,Parulidae,Myioborus,Myioborus ornatus,Golden-fronted Redstart,,,,,,,0
Passeriformes,Mitrospingidae,Mitrospingus,Mitrospingus cassinii,Dusky-faced Tanager,,1,1,1,1,,1
Passeriformes,Cardinalidae,Piranga,Piranga flava,Hepatic Tanager,,,,,,,0
Passeriformes,Cardinalidae,Piranga,Piranga rubra,Summer Tanager,,,,,,,0
Passeriformes,Cardinalidae,Piranga,Piranga olivacea,Scarlet Tanager,,,,,,,0
Passeriformes,Cardinalidae,Piranga,Piranga leucoptera,White-winged Tanager,,,,,,,0
Passeriformes,Cardinalidae,Habia,Habia cristata,Crested Ant-Tanager,,,,,,,0
Passeriformes,Cardinalidae,Chlorothraupis,Chlorothraupis olivacea,Lemon-spectacled Tanager,,1,1,1,,,1
Passeriformes,Cardinalidae,Chlorothraupis,Chlorothraupis stolzmanni,Ochre-breasted Tanager,,,,,,,0
Passeriformes,Cardinalidae,Pheucticus,Pheucticus ludovicianus,Rose-breasted Grosbeak,,,,,,,0
Passeriformes,Cardinalidae,Cyanoloxia,Cyanoloxia cyanoides,Blue-black Grosbeak,,,,,1,,1
Passeriformes,Cardinalidae,Cyanoloxia,Cyanoloxia brissonii,Ultramarine Grosbeak,,,,,,,0
Passeriformes,Cardinalidae,Spiza,Spiza americana,Dickcissel,,,,,,,0
Passeriformes,Thraupidae,Schistochlamys,Schistochlamys melanopis,Black-faced Tanager,,,,,,,0
Passeriformes,Thraupidae,Kleinothraupis,Kleinothraupis atropileus,Black-capped Hemispingus,,,,,,,0
Passeriformes,Thraupidae,Sphenopsis,Sphenopsis frontalis,Oleaginous Hemispingus,,,,,,,0
Passeriformes,Thraupidae,Eucometis,Eucometis penicillata,Gray-headed Tanager,,,,,,,0
Passeriformes,Thraupidae,Loriotus,Loriotus luctuosus,White-shouldered Tanager,,,,,,,0
Passeriformes,Thraupidae,Tachyphonus,Tachyphonus delatrii,Tawny-crested Tanager,,1,1,1,1,,1
Passeriformes,Thraupidae,Tachyphonus,Tachyphonus rufus,White-lined Tanager,,,,,,,0
Passeriformes,Thraupidae,Ramphocelus,Ramphocelus flammigerus,Flame-rumped Tanager,,1,1,1,1,1,1
Passeriformes,Thraupidae,Ramphocelus,Ramphocelus dimidiatus,Crimson-backed Tanager,,,,,,,0
Passeriformes,Thraupidae,Bangsia,Bangsia rothschildi,Golden-chested Tanager,,1,1,,,,1
Passeriformes,Thraupidae,Bangsia,Bangsia edwardsi,Moss-backed Tanager,,,,,,,0
Passeriformes,Thraupidae,Bangsia,Bangsia flavovirens,Yellow-green Tanager,,,,,,,0
Passeriformes,Thraupidae,Sporathraupis,Sporathraupis cyanocephala,Blue-capped Tanager,,,,,,,0
Passeriformes,Thraupidae,Anisognathus,Anisognathus lacrymosus,Lacrimose Mountain Tanager,,,,,,,0
Passeriformes,Thraupidae,Anisognathus,Anisognathus somptuosus,Blue-winged Mountain Tanager,,,,,,,0
Passeriformes,Thraupidae,Anisognathus,Anisognathus notabilis,Black-chinned Mountain Tanager,,,,,,,0
Passeriformes,Thraupidae,Iridosornis,Iridosornis porphyrocephalus,Purplish-mantled Tanager,,,,,,,0
Passeriformes,Thraupidae,Iridosornis,Iridosornis rufivertex,Golden-crowned Tanager,,,,,,,0
Passeriformes,Thraupidae,Pipraeidea,Pipraeidea melanonota,Fawn-breasted Tanager,,,,,,,0
Passeriformes,Thraupidae,Chlorochrysa,Chlorochrysa phoenicotis,Glistening-green Tanager,,,,,,,0
Passeriformes,Thraupidae,Chlorochrysa,Chlorochrysa nitidissima,Multicolored Tanager,,,,,,,0
Passeriformes,Thraupidae,Thraupis,Thraupis episcopus,Blue-gray Tanager,,1,1,1,1,,1
Passeriformes,Thraupidae,Thraupis,Thraupis palmarum,Palm Tanager,,1,1,1,1,1,1
Passeriformes,Thraupidae,Ixothraupis,Ixothraupis rufigula,Rufous-throated Tanager,,,,,,,0
Passeriformes,Thraupidae,Chalcothraupis,Chalcothraupis ruficervix,Golden-naped Tanager,,,,,,,0
Passeriformes,Thraupidae,Poecilostreptus,Poecilostreptus palmeri,Gray-and-gold Tanager,,,,,,,0
Passeriformes,Thraupidae,Stilpnia,Stilpnia heinei,Black-capped Tanager,,,,,,,0
Passeriformes,Thraupidae,Stilpnia,Stilpnia vitriolina,Scrub Tanager,,,,,,,0
Passeriformes,Thraupidae,Stilpnia,Stilpnia larvata,Golden-hooded Tanager,,1,1,1,1,,1
Passeriformes,Thraupidae,Stilpnia,Stilpnia cyanicollis,Blue-necked Tanager,,1,1,,,,1
Passeriformes,Thraupidae,Tangara,Tangara vassorii,Blue-and-black Tanager,,,,,,,0
Passeriformes,Thraupidae,Tangara,Tangara nigroviridis,Beryl-spangled Tanager,,,,,,,0
Passeriformes,Thraupidae,Tangara,Tangara labradorides,Metallic-green Tanager,,,,,,,0
Passeriformes,Thraupidae,Tangara,Tangara inornata,Plain-colored Tanager,,1,1,,,,1
Passeriformes,Thraupidae,Tangara,Tangara lavinia,Rufous-winged Tanager,,1,1,1,,,1
Passeriformes,Thraupidae,Tangara,Tangara gyrola,Bay-headed Tanager,,,,,,,0
Passeriformes,Thraupidae,Tangara,Tangara xanthocephala,Saffron-crowned Tanager,,,,,,,0
Passeriformes,Thraupidae,Tangara,Tangara parzudakii,Flame-faced Tanager,,,,,,,0
Passeriformes,Thraupidae,Tangara,Tangara johannae,Blue-whiskered Tanager,,1,1,1,1,,1
Passeriformes,Thraupidae,Tangara,Tangara arthus,Golden Tanager,,,,,,,0
Passeriformes,Thraupidae,Tangara,Tangara florida,Emerald Tanager,,1,1,,,,1
Passeriformes,Thraupidae,Tangara,Tangara icterocephala,Silver-throated Tanager,,1,1,,,,1
Passeriformes,Thraupidae,Tersina,Tersina viridis,Swallow Tanager,,,,,,,0
Passeriformes,Thraupidae,Dacnis,Dacnis lineata,Black-faced Dacnis,,,,,,,0
Passeriformes,Thraupidae,Dacnis,Dacnis hartlaubi,Turquoise Dacnis,,,,,,,0
Passeriformes,Thraupidae,Dacnis,Dacnis venusta,Scarlet-thighed Dacnis,,1,,1,1,,1
Passeriformes,Thraupidae,Dacnis,Dacnis cayana,Blue Dacnis,,1,,1,1,,1
Passeriformes,Thraupidae,Cyanerpes,Cyanerpes caeruleus,Purple Honeycreeper,,1,1,,1,,1
Passeriformes,Thraupidae,Cyanerpes,Cyanerpes cyaneus,Red-legged Honeycreeper,,,,,,,0
Passeriformes,Thraupidae,Chlorophanes,Chlorophanes spiza,Green Honeycreeper,,1,,1,1,,1
Passeriformes,Thraupidae,Iridophanes,Iridophanes pulcherrimus,Golden-collared Honeycreeper,,,,,,,0
Passeriformes,Thraupidae,Heterospingus,Heterospingus xanthopygius,Scarlet-browed Tanager,,,,1,,,0
Passeriformes,Thraupidae,Hemithraupis,Hemithraupis guira,Guira Tanager,,,,,,,0
Passeriformes,Thraupidae,Chrysothlypis,Chrysothlypis salmoni,Scarlet-and-white Tanager,,,,1,,,0
Passeriformes,Thraupidae,Diglossa,Diglossa lafresnayii,Glossy Flowerpiercer,,,,,,,0
Passeriformes,Thraupidae,Diglossa,Diglossa humeralis,Black Flowerpiercer,,,,,,,0
Passeriformes,Thraupidae,Diglossa,Diglossa albilatera,White-sided Flowerpiercer,,,,,,,0
Passeriformes,Thraupidae,Diglossa,Diglossa indigotica,Indigo Flowerpiercer,,,,,,,0
Passeriformes,Thraupidae,Diglossa,Diglossa sittoides,Rusty Flowerpiercer,,,,,,,0
Passeriformes,Thraupidae,Diglossa,Diglossa cyanea,Masked Flowerpiercer,,,,,,,0
Passeriformes,Thraupidae,Sicalis,Sicalis flaveola,Saffron Finch,,1,,,,1,1
Passeriformes,Thraupidae,Sicalis,Sicalis luteola,Grassland Yellow-Finch,,,,,,,0
Passeriformes,Thraupidae,Emberizoides,Emberizoides herbicola,Wedge-tailed Grass-Finch,,,,,,,0
Passeriformes,Thraupidae,Volatinia,Volatinia jacarina,Blue-black Grassquit,,,,,,1,1
Passeriformes,Thraupidae,Sporophila,Sporophila telasco,Chestnut-throated Seedeater,,,,,,,0
Passeriformes,Thraupidae,Sporophila,Sporophila minuta,Ruddy-breasted Seedeater,,,,,,,0
Passeriformes,Thraupidae,Sporophila,Sporophila funerea,Thick-billed Seed-Finch,,,,,,1,1
Passeriformes,Thraupidae,Sporophila,Sporophila angolensis,Chestnut-bellied Seed-Finch,,,,,,,0
Passeriformes,Thraupidae,Sporophila,Sporophila corvina,Variable Seedeater,,1,,,1,1,1
Passeriformes,Thraupidae,Sporophila,Sporophila intermedia,Gray Seedeater,,,,,,,0
Passeriformes,Thraupidae,Sporophila,Sporophila luctuosa,Black-and-white Seedeater,,,,,,,0
Passeriformes,Thraupidae,Sporophila,Sporophila nigricollis,Yellow-bellied Seedeater,,,,,,,0
Passeriformes,Thraupidae,Sporophila,Sporophila schistacea,Slate-colored Seedeater,,,,,,,0
Passeriformes,Thraupidae,Coereba,Coereba flaveola,Bananaquit,,1,,,,,1
Passeriformes,Thraupidae,Tiaris,Tiaris olivaceus,Yellow-faced Grassquit,,,,,,,0
Passeriformes,Thraupidae,Asemospiza,Asemospiza obscura,Dull-colored Grassquit,,,,,,,0
Passeriformes,Thraupidae,Saltator,Saltator maximus,Buff-throated Saltator,,1,,,1,,1
Passeriformes,Thraupidae,Saltator,Saltator atripennis,Black-winged Saltator,,,,,,,0
Passeriformes,Thraupidae,Saltator,Saltator olivascens,Olive-gray Saltator,,,,,,,0
Passeriformes,Thraupidae,Saltator,Saltator striatipectus,Streaked Saltator,,,,,,,0
Passeriformes,Thraupidae,Saltator,Saltator grossus,Slate-colored Grosbeak,,1,1,,,,1
,,,,,TOTALES:,121,112,81,93,27,Total especies registradas: 169
,,,,,,,,,,,
,,,,,,,,,,,
,,,,,,,,,,,
,,,,,,,,,,,
,,,,,,,,,,,